"Status","Start Time","Stop Time","Duration in ms","Parent Suite","Suite","Sub Suite","Test Class","Test Method","Name","Description"
"passed","Tue Jun 25 12:31:12 AMT 2024","Tue Jun 25 12:31:12 AMT 2024","310","test_dir1","test_posts","","","","test_path_post",""
"skipped","Tue Jun 25 12:31:13 AMT 2024","Tue Jun 25 12:31:13 AMT 2024","1","test_dir1","test_posts","","","","test_negative_delete_post",""
"passed","Tue Jun 25 12:31:11 AMT 2024","Tue Jun 25 12:31:11 AMT 2024","571","test_dir1","test_posts","","","","test_put_post",""
"passed","Tue Jun 25 12:31:13 AMT 2024","Tue Jun 25 12:31:13 AMT 2024","41","test_dir1","test_todos","","","","test_get_todo_by_id",""
"broken","Tue Jun 25 12:31:13 AMT 2024","Tue Jun 25 12:31:13 AMT 2024","1","test_dir1","test_posts","","","","test_two[64]",""
"passed","Tue Jun 25 12:31:13 AMT 2024","Tue Jun 25 12:31:14 AMT 2024","181","test_dir1","test_todos","","","","test_create_todo",""
"passed","Tue Jun 25 12:31:14 AMT 2024","Tue Jun 25 12:31:14 AMT 2024","528","test_dir1","test_todos","","","","test_update_todo",""
"failed","Tue Jun 25 12:31:09 AMT 2024","Tue Jun 25 12:31:09 AMT 2024","53","test_dir1","test_posts","","","","get one post title","get one post description"
"passed","Tue Jun 25 12:31:10 AMT 2024","Tue Jun 25 12:31:10 AMT 2024","591","test_dir1","test_posts","","","","test_add_post",""
"broken","Tue Jun 25 12:31:13 AMT 2024","Tue Jun 25 12:31:13 AMT 2024","1","test_dir1","test_posts","","","","test_two[82]",""
"passed","Tue Jun 25 12:31:09 AMT 2024","Tue Jun 25 12:31:09 AMT 2024","44","test_dir1","test_posts","","","","test_get_all_posts",""
"passed","Tue Jun 25 12:31:14 AMT 2024","Tue Jun 25 12:31:14 AMT 2024","297","test_dir1","test_todos","","","","test_delete_todo",""
"broken","Tue Jun 25 12:31:13 AMT 2024","Tue Jun 25 12:31:13 AMT 2024","0","test_dir1","test_posts","","","","test_one",""
"broken","Tue Jun 25 12:31:13 AMT 2024","Tue Jun 25 12:31:13 AMT 2024","1","test_dir1","test_posts","","","","test_two[43]",""
"passed","Tue Jun 25 12:31:13 AMT 2024","Tue Jun 25 12:31:13 AMT 2024","299","test_dir1","test_posts","","","","test_delete_post",""
"broken","Tue Jun 25 12:31:13 AMT 2024","Tue Jun 25 12:31:13 AMT 2024","1","test_dir1","test_posts","","","","test_two[52]",""
"passed","Tue Jun 25 12:31:09 AMT 2024","Tue Jun 25 12:31:10 AMT 2024","580","test_dir1","test_posts","","","","test_get_message_by_post_id",""
"broken","Tue Jun 25 12:31:13 AMT 2024","Tue Jun 25 12:31:13 AMT 2024","1","test_dir1","test_posts","","","","test_two[37]",""
"passed","Tue Jun 25 12:31:13 AMT 2024","Tue Jun 25 12:31:13 AMT 2024","39","test_dir1","test_todos","","","","test_get_all_todos",""
